1	11615	14.000000	﻿The Project Gutenberg eBook of The Grammar of English Grammars This ebook is for the use of anyone anywhere in the United States and most other parts of the world at no cost and with almost no restrictions whatsoever. You may copy it, give it a	1
2	14006	14.000000	﻿The Project Gutenberg eBook of An English Grammar This ebook is for the use of anyone anywhere in the United States and most other parts of the world at no cost and with almost no restrictions whatsoever. You may copy it, give it away or re-use	1
3	14070	14.000000	﻿The Project Gutenberg eBook of English Grammar in Familiar Lectures This ebook is for the use of anyone anywhere in the United States and most other parts of the world at no cost and with almost no restrictions whatsoever. You may copy it, give	1
4	17594	14.000000	﻿The Project Gutenberg eBook of Lectures on Language, as Particularly Connected with English Grammar This ebook is for the use of anyone anywhere in the United States and most other parts of the world at no cost and with almost no restrictions w	1
5	26991	14.000000	﻿The Project Gutenberg eBook of A Short System of English Grammar This ebook is for the use of anyone anywhere in the United States and most other parts of the world at no cost and with almost no restrictions whatsoever. You may copy it, give it	1
6	30036	14.000000	﻿The Project Gutenberg eBook of Word Study and English Grammar This ebook is for the use of anyone anywhere in the United States and most other parts of the world at no cost and with almost no restrictions whatsoever. You may copy it, give it aw	1
7	43397	14.000000	﻿The Project Gutenberg eBook of The Comic English Grammar: A New and Facetious Introduction to the English Tongue This ebook is for the use of anyone anywhere in the United States and most other parts of the world at no cost and with almost no r	1
8	44802	14.000000	﻿The Project Gutenberg eBook of The Comic English Grammar: A New And Facetious Introduction To The English Tongue This ebook is for the use of anyone anywhere in the United States and most other parts of the world at no cost and with almost no r	1
9	45814	14.000000	﻿The Project Gutenberg eBook of An Advanced English Grammar with Exercises This ebook is for the use of anyone anywhere in the United States and most other parts of the world at no cost and with almost no restrictions whatsoever. You may copy it	1
10	48702	14.000000	﻿The Project Gutenberg eBook of English Grammar and Composition for Public Schools This ebook is for the use of anyone anywhere in the United States and most other parts of the world at no cost and with almost no restrictions whatsoever. You may	1
11	7010	14.000000	\wai \ ting --------- ** End Transcriber's Notes ** GRADED LESSONS IN ENGLISH. AN ELEMENTARY ENGLISH GRAMMAR, CONSISTING OF ONE HUNDRED PRACTICAL LESSONS, CAREFULLY GRADED AND ADAPTED TO THE CLASS-ROOM, BY ALONZO REED, A.M.,	60
12	7188	14.000000	﻿The Project Gutenberg eBook of Higher Lessons in English: A work on English grammar and composition This ebook is for the use of anyone anywhere in the United States and most other parts of the world at no cost and with almost no restrictions w	1
13	15097	4.000000	﻿The Project Gutenberg eBook of A Grammar of the English Tongue This ebook is for the use of anyone anywhere in the United States and most other parts of the world at no cost and with almost no restrictions whatsoever. You may copy it, give it a	1
14	42026	4.000000	﻿The Project Gutenberg eBook of English-Bisaya Grammar, in Twenty Eight Lessons This ebook is for the use of anyone anywhere in the United States and most other parts of the world at no cost and with almost no restrictions whatsoever. You may co	1
15	12358	3.000000	hod and careless, and all blurring of hard-won distinctions, but it would no less oppose the tyranny of schoolmasters and grammarians, both in their pedantic conservatism, and in their ignorant enforcing of newfangled 'rules', based not on principle,	184
16	12524	3.000000	﻿The Project Gutenberg eBook of The Englishing of French Words; the Dialectal Words in Blunden's Poems This ebook is for the use of anyone anywhere in the United States and most other parts of the world at no cost and with almost no restrictions	1
17	16845	3.000000	nivall Release date: October 10, 2005 [eBook #16845] Most recently updated: December 12, 2020 Language: English, Middle English Credits: Produced by David Starner, Joshua Hutchinson and the Online Distributed Proofreading T	14
18	24790	3.000000	ION CATHEDRAL SCHOOLS. POOR MEN’S SONS HAVE HEADS AS WELL AS RICH ONES’. AN ETON BOY IN A.D. 1478. POST-REFORMATION GRAMMAR SCHOOLS. STUDY OF ENGLISH RECOMMENDED IN 1582-1612. A GRAMMAR-SCHOOL BOY’S DAY IN A.D. 1612. THE GOOD OLD TIMES OF	1652
19	25449	3.000000	﻿The Project Gutenberg eBook of The Young Castellan: A Tale of the English Civil War This ebook is for the use of anyone anywhere in the United States and most other parts of the world at no cost and with almost no restrictions whatsoever. You m	1
20	25664	3.000000	﻿The Project Gutenberg eBook of The Earliest Arithmetics in English This ebook is for the use of anyone anywhere in the United States and most other parts of the world at no cost and with almost no restrictions whatsoever. You may copy it, give	1
21	29214	3.000000	28. +discouered+, uncovered, 40/28. +do+, = done, 47/11; see +doo+. +doctrinals+, copies of the _Doctrinale_ (a grammar), 38/38. +dokes+, ducks, 12/32. +doluen+, dug, 45/14. +donettis+, copies of Donatus's grammar, 38/40. +dong+, du	5659
22	30282	3.000000	Introduction to _Cleanness_] [Introduction to _Patience_] [General Introduction] Remarks Upon the Dialect and Grammar Grammatical Details I. Nouns II. Adjectives III. Pronouns IV. Verbs V. Adverbs V	168
23	33768	3.000000	﻿The Project Gutenberg eBook of The Middle English Poem, Erthe Upon Erthe This ebook is for the use of anyone anywhere in the United States and most other parts of the world at no cost and with almost no restrictions whatsoever. You may copy it,	1
24	62064	3.000000	﻿The Project Gutenberg eBook of Rules of the Western Grammar School, Brompton This ebook is for the use of anyone anywhere in the United States and most other parts of the world at no cost and with almost no restrictions whatsoever. You may copy	1
25	10040	2.000000	﻿The Project Gutenberg eBook of Aleutian Indian and English Dictionary This ebook is for the use of anyone anywhere in the United States and most other parts of the world at no cost and with almost no restrictions whatsoever. You may copy it, gi	1
26	10072	2.000000	﻿The Project Gutenberg eBook of English Housewifry This ebook is for the use of anyone anywhere in the United States and most other parts of the world at no cost and with almost no restrictions whatsoever. You may copy it, give it away or re-use	1
27	10135	2.000000	﻿The Project Gutenberg eBook of The Great English Short-Story Writers, Volume 1 This ebook is for the use of anyone anywhere in the United States and most other parts of the world at no cost and with almost no restrictions whatsoever. You may co	1
28	10140	2.000000	o the art of the orator. Consequently, as a result of this tradition, poetic in the middle ages was commonly grouped with grammar or with rhetoric, although Isidore includes it in his section on theology.[108] The rhetorical treatises of the middle	1301
29	10161	2.000000	﻿The Project Gutenberg eBook of English Poets of the Eighteenth Century This ebook is for the use of anyone anywhere in the United States and most other parts of the world at no cost and with almost no restrictions whatsoever. You may copy it, g	1
30	10162	2.000000	Foster Release date: November 1, 2003 [eBook #10162] Most recently updated: December 19, 2020 Language: English *** START OF THE PROJECT GUTENBERG EBOOK DIO'S ROME, VOLUME 3 *** Produced by Ted Garvin, Jayam Subramanian and PG	16
31	10294	2.000000	cudder Release date: November 1, 2003 [eBook #10294] Most recently updated: December 19, 2020 Language: English *** START OF THE PROJECT GUTENBERG EBOOK VERSE AND PROSE FOR BEGINNERS IN READING *** Produced by Juliet Sutherlan	14
32	10314	2.000000	g eBook of The Sonnets of Michael Angelo Buonarroti and Tommaso Campanella; Now for the First Time Translated into Rhymed English This ebook is for the use of anyone anywhere in the United States and most other parts of the world at no cost and	1
33	10336	2.000000	﻿The Project Gutenberg eBook of A Select Collection of Old English Plays, Volume 07 This ebook is for the use of anyone anywhere in the United States and most other parts of the world at no cost and with almost no restrictions whatsoever. You ma	1
34	10388	2.000000	﻿The Project Gutenberg eBook of A Collection of Old English Plays, Volume 1 This ebook is for the use of anyone anywhere in the United States and most other parts of the world at no cost and with almost no restrictions whatsoever. You may copy i	1
35	10467	2.000000	man pleaseth all: we seek to please one. Didymus wrote four thousand books, or (as some say) six-thousand, on the art of grammar. Our author hopes it may be as lawful for him to write a thousand lines of as light a subject. Socrates (whom the oracle	366
36	10489	2.000000	Born in September 1685, at Barnstaple, of a respectable but decayed family, he had received a good education at the free grammar school of that place. On leaving school he had been apprenticed to a silk mercer in London. But he had polite tastes, an	746
37	10550	2.000000	f their times; The least of these is past his accidence, Some at _qui mihi_; here's not a boy But he can construe all the grammar rules. _Sed ubi sunt sodales_? not yet come? Those _tardè venientes_ shall be whipp'd. _Ubi est_ Pipkin? where's that la	1004
38	10553	2.000000		
39	10609	2.000000	ths before Shakespeare. He was the son of a poor shoemaker, but through the kindness of a patron was educated at the town grammar school and then at Cambridge. When he came to London (_c._ 1584), his soul was surging with the ideals of the Renaissanc	4872
40	10625	2.000000	he same Preface further contains some account of the three principal Middle-English dialects (p. xl), and Outlines of the Grammar (p. xlv). It also explains the meaning of the symbols þ, ð (both used for _th_), ȝ (used for _y_ initially, _gh_ mediall	386
41	10631	2.000000	portrait, National Portrait Gallery). 44. Shakespeare's Birthplace. Stratford-on-Avon. 45. Classroom in Stratford Grammar School. 46. Anne Hathaway's Cottage, Shottery. 47. View of Stratford-on-Avon. 48. Inscription over Shakespeare's Tomb	189
42	10656	2.000000	﻿The Project Gutenberg eBook of A Collection of Old English Plays, Volume 2 This ebook is for the use of anyone anywhere in the United States and most other parts of the world at no cost and with almost no restrictions whatsoever. You may copy i	1
43	10660	2.000000	, published a Spelling Book, and dedicated it to the universe. He was then placed with Mr. Hunter the head master of the grammar school in his native city, but, for two years before he came under his immediate tuition, was taught Latin by Mr. Hawkin	216
44	10673	2.000000	﻿The Project Gutenberg eBook of The Principal Navigations, Voyages, Traffiques and Discoveries of the English Nation — Volume 09 This ebook is for the use of anyone anywhere in the United States and most other parts of the world at no cost and w	1
45	10681	2.000000	dge) 231. first stage, first blush, first glance, first impression, first sight. rudiments, elements, outlines, grammar, alphabet, ABC. V. begin, start, commence; conceive, open, dawn, set in, take its rise, enter upon, enter; set out &c (d	1617
46	10734	2.000000	﻿The Project Gutenberg eBook of A Collection of Old English Plays, Volume 3 This ebook is for the use of anyone anywhere in the United States and most other parts of the world at no cost and with almost no restrictions whatsoever. You may copy i	1
47	10883	2.000000	Foster Release date: January 1, 2004 [eBook #10883] Most recently updated: December 23, 2020 Language: English *** START OF THE PROJECT GUTENBERG EBOOK DIO'S ROME, VOLUME 4 *** Produced by Ted Garvin, Jayam Subramanian and PG	16
48	10890	2.000000	Foster Release date: January 1, 2004 [eBook #10890] Most recently updated: December 23, 2020 Language: English Credits: Produced by Ted Garvin, Ben Courtney and the Online Distributed Proofreading Team *** START OF THE P	16
49	10913	2.000000	﻿The Project Gutenberg eBook of English Poems This ebook is for the use of anyone anywhere in the United States and most other parts of the world at no cost and with almost no restrictions whatsoever. You may copy it, give it away or re-use it u	1
50	10925	2.000000	﻿The Project Gutenberg eBook of A Collection of Old English Plays, Volume 4 This ebook is for the use of anyone anywhere in the United States and most other parts of the world at no cost and with almost no restrictions whatsoever. You may copy i	1
51	11088	2.000000	﻿The Project Gutenberg eBook of English Men of Letters: Crabbe This ebook is for the use of anyone anywhere in the United States and most other parts of the world at no cost and with almost no restrictions whatsoever. You may copy it, give it aw	1
52	11123	2.000000	age was of some help; even the falsest etymology taught people to look upon words as organisms; even the most superficial grammar, to observe broad relationships and parallel formations. So, then, the eighteenth century could, in the treatment of the	550
53	11327	2.000000	﻿The Project Gutenberg eBook of English Literature: Modern This ebook is for the use of anyone anywhere in the United States and most other parts of the world at no cost and with almost no restrictions whatsoever. You may copy it, give it away o	1
54	11366	2.000000	rancke Release date: February 1, 2004 [eBook #11366] Most recently updated: December 25, 2020 Language: English *** START OF THE PROJECT GUTENBERG EBOOK THE GERMAN CLASSICS OF THE NINETEENTH AND TWENTIETH CENTURIES, VOLUME 02 ***	14
55	11461	2.000000	. Collins Release date: March 1, 2004 [eBook #11461] Most recently updated: December 25, 2020 Language: English Credits: Produced by Juliet Sutherland, Susan Skinner and the Online Distributed Proofreading Team. *** START	17
56	11533	2.000000	﻿The Project Gutenberg eBook of Theocritus, translated into English Verse This ebook is for the use of anyone anywhere in the United States and most other parts of the world at no cost and with almost no restrictions whatsoever. You may copy it,	1
57	11607	2.000000	in Foster Release date: March 1, 2004 [eBook #11607] Most recently updated: December 26, 2020 Language: English *** START OF THE PROJECT GUTENBERG EBOOK DIO'S ROME, VOLUME 2 *** Produced by Ted Garvin, Jayam Subramanian and PG	16
58	11692	2.000000	o Francke Release date: March 1, 2004 [eBook #11692] Most recently updated: December 26, 2020 Language: English *** START OF THE PROJECT GUTENBERG EBOOK THE GERMAN CLASSICS OF THE NINETEENTH AND TWENTIETH CENTURIES, VOLUME 03 ***	14
59	11694	2.000000	stant days, as in our own, the learning of Latin was the acquisition of a foreign tongue which involved the learning of a grammar and of a vocabulary. Both grammar and vocables were probably in the main communicated by oral teaching, by the living vo	148
60	11894	2.000000	﻿The Project Gutenberg eBook of The Mahabharata of Krishna-Dwaipayana Vyasa Translated into English Prose This ebook is for the use of anyone anywhere in the United States and most other parts of the world at no cost and with almost no restricti	1
61	11896	2.000000	﻿The Project Gutenberg eBook of Citizen Bird: Scenes from Bird-Life in Plain English for Beginners This ebook is for the use of anyone anywhere in the United States and most other parts of the world at no cost and with almost no restrictions wha	1
62	11935	2.000000	﻿The Project Gutenberg eBook of Mysticism in English Literature This ebook is for the use of anyone anywhere in the United States and most other parts of the world at no cost and with almost no restrictions whatsoever. You may copy it, give it a	1
63	11948	2.000000	﻿The Project Gutenberg eBook of The Principal Navigations, Voyages, Traffiques and Discoveries of the English Nation — Volume 10 This ebook is for the use of anyone anywhere in the United States and most other parts of the world at no cost and w	1
64	11992	2.000000	n Gifford Release date: April 1, 2004 [eBook #11992] Most recently updated: December 26, 2020 Language: English Credits: Produced by Mary Munarin and David Widger *** START OF THE PROJECT GUTENBERG EBOOK A RESIDENCE IN FRANCE DUR	16
65	11993	2.000000	n Gifford Release date: April 1, 2004 [eBook #11993] Most recently updated: December 26, 2020 Language: English Credits: Produced by Mary Munarin and David Widger *** START OF THE PROJECT GUTENBERG EBOOK A RESIDENCE IN FRANCE DUR	16
66	11994	2.000000	n Gifford Release date: April 1, 2004 [eBook #11994] Most recently updated: December 26, 2020 Language: English Credits: Produced by Mary Munarin and David Widger *** START OF THE PROJECT GUTENBERG EBOOK A RESIDENCE IN FRANCE DUR	16
67	11995	2.000000	n Gifford Release date: April 1, 2004 [eBook #11995] Most recently updated: December 26, 2020 Language: English Credits: Produced by Mary Munarin and David Widger *** START OF THE PROJECT GUTENBERG EBOOK A RESIDENCE IN FRANCE DUR	16
68	11996	2.000000	n Gifford Release date: April 1, 2004 [eBook #11996] Most recently updated: December 26, 2020 Language: English Credits: Produced by Mary Munarin and David Widger *** START OF THE PROJECT GUTENBERG EBOOK A RESIDENCE IN FRANCE DUR	16
69	12025	2.000000	task was set; if it was not said rightly by twelve o'clock, I was kept in till I knew it, and in general, even when Latin Grammar came to supplement the Psalms, I was my own master for at least an hour before half-past one dinner, and for the rest of	799
70	12058	2.000000	﻿The Project Gutenberg eBook of The Mahabharata of Krishna-Dwaipayana Vyasa Translated into English Prose This ebook is for the use of anyone anywhere in the United States and most other parts of the world at no cost and with almost no restricti	1
71	12060	2.000000	Especially telling is his demolition of Klopstock's violent "Northernism," to which he opposes a far wider philosophy of grammar and style. The universality of poetry, as contrasted with a narrow "German" clumsiness, is blandly defended, and a joyou	2138
72	12061	2.000000	in Foster Release date: April 1, 2004 [eBook #12061] Most recently updated: December 14, 2020 Language: English *** START OF THE PROJECT GUTENBERG EBOOK DIO'S ROME, VOLUME 6 *** Produced by Ted Garvin, Jayam Subramanian and PG	16
73	12333	2.000000	n to be the _Paspalum frumentacea_ (_vide_ Dict.). [6] The word in the text is _mlecchibhutam_. The Sanskrit grammar affords a great facility for the formation of verbs from substantives. _Mlecchify_ may be hybrid, but it correctly a	4521
74	12351	2.000000	NCE. Not until you promise-- WILHELMINE. If you promise to talk only about the plans that concern me--and about French grammar-- PRINCE (_springing up_). You promise? You will come? By every star in the firmament I swear I will begin with the ve	10902
75	12421	2.000000	ire | attempted. Inn." / SOLECISMS: Constructions not English, commonly called cases of "bad grammar" or "false syntax": as, "She invited Mrs. Roe and _I_ to go driving with her." "Solecism" is derived from _Soli_, the na	383
76	12473	2.000000	Can understand that tongue. But I have learnt it, and never Can forget it for my part-- For I used as my only grammar The face of the joy of my heart. 9[13] On the wings of song far sweeping, Heart's dearest, with me thou'lt g	1099
77	12478	2.000000	was not guided by the ordinarily accepted rules of writing; he allowed himself to be trammelled neither by prosody nor by grammar; he wrote, with an extraordinary audacity, according to the mysterious dictates of his own strange and intimate concepti	5309
78	12515	2.000000	est and freest humours, darts about him; and now levelling my application to the insignificant observations and quirks of grammar of C---- and D----. Good God! what an incongruous animal is man! how unsettled in his best part, his soul; and how chan	2615
79	12565	2.000000	﻿The Project Gutenberg eBook of An Account of the English Colony in New South Wales, Volume 1 This ebook is for the use of anyone anywhere in the United States and most other parts of the world at no cost and with almost no restrictions whatsoev	1
80	12573	2.000000	no Francke Release date: June 1, 2004 [eBook #12573] Most recently updated: December 15, 2020 Language: English *** START OF THE PROJECT GUTENBERG EBOOK THE GERMAN CLASSICS OF THE NINETEENTH AND TWENTIETH CENTURIES, VOLUME 08 ***	20
81	12587	2.000000	tter we must distinguish between night and the shadows. In the night there is the absolute; in the darkness the multiple. Grammar, logic as it is, admits of no singular for the shadows. The night is one, the shadows are many.[5] This mist of nocturn	3910
82	12606	2.000000	OF ENGLISH STYLE. From my own experience and observation I should say that every boy, who is ready enough in spelling, grammar, geography, and arithmetic, is appalled when he is commanded to write what is termed "a composition." When he enters col	347
83	12668	2.000000	﻿The Project Gutenberg eBook of An Account of the English Colony in New South Wales, Volume 2 This ebook is for the use of anyone anywhere in the United States and most other parts of the world at no cost and with almost no restrictions whatsoev	1
84	12693	2.000000	﻿The Project Gutenberg eBook of The Principal Navigations, Voyages, Traffiques and Discoveries of the English Nation — Volume 11 This ebook is for the use of anyone anywhere in the United States and most other parts of the world at no cost and w	1
85	12735	2.000000	﻿The Project Gutenberg eBook of The Grammar School Boys in Summer Athletics This ebook is for the use of anyone anywhere in the United States and most other parts of the world at no cost and with almost no restrictions whatsoever. You may copy i	1
86	12736	2.000000	e. But the correction of trifling mistakes is one thing, a change in pattern another. The retouching, although satisfying grammar here and there, might have dimmed the vernacular value of his speech. But what of Thackeray's view, his vision of thing	5410
87	1278	2.000000	﻿The Project Gutenberg eBook of Penelope's English Experiences This ebook is for the use of anyone anywhere in the United States and most other parts of the world at no cost and with almost no restrictions whatsoever. You may copy it, give it aw	1
88	12888	2.000000	close logical deducer of facts. He "presented Germany with its mythology, with its history of legal antiquities, with its grammar and its history of language." He is the author of Grimm's law of consonant permutation which laid the foundations of mod	5628
89	1304	2.000000	﻿The Project Gutenberg eBook of Bulchevy's Book of English Verse This ebook is for the use of anyone anywhere in the United States and most other parts of the world at no cost and with almost no restrictions whatsoever. You may copy it, give it	1
90	13211	2.000000	Jewett Release date: August 18, 2004 [eBook #13211] Most recently updated: December 18, 2020 Language: English *** START OF THE PROJECT GUTENBERG EBOOK THE PEARL *** Produced by David Starner, Keith M. Eckrich, and the Projec	14
91	13239	2.000000	﻿The Project Gutenberg eBook of Grain and Chaff from an English Manor This ebook is for the use of anyone anywhere in the United States and most other parts of the world at no cost and with almost no restrictions whatsoever. You may copy it, giv	1
92	13240	2.000000	IE, JOHN (1780-1844).--Physician and writer on mental science, _s._ of a minister, was _b._ at Aberdeen, and _ed._ at the Grammar School and Marischal College there. He studied medicine at Edinburgh, in which city he practised as a physician. He made	166
93	13403	2.000000	ard Pace; Thomas Winter,[20] Wolsey's reputed natural son; Thomas Starkey,[21] the historian; George Lily,[22] son of the grammarian; Michael Throgmorton, and Richard Morison,[23] ambassador-to-be. There were other elements that contributed to the g	454
94	13535	2.000000	gland, and spent his early years in the midst of a large family. His father, who was vicar of the town and master of the grammar school, died when the son was only nine years old. His character must, however, have impressed Coleridge deeply, for he	2504
95	13588	2.000000	ttending those who are called upon either to read or speak in public._ _The next thing I would recommend, is the English Grammar (the best I know of is the Buchanan's syntax) the knowledge of which is absolutely necessary, as it is the solid foundat	166
96	13605	2.000000	﻿The Project Gutenberg eBook of The Principal Navigations, Voyages, Traffiques, and Discoveries of The English Nation — Volume 12 This ebook is for the use of anyone anywhere in the United States and most other parts of the world at no cost and	1
97	13619	2.000000	Hubbard Release date: October 8, 2004 [eBook #13619] Most recently updated: December 18, 2020 Language: English *** START OF THE PROJECT GUTENBERG EBOOK LITTLE JOURNEYS TO THE HOMES OF THE GREAT - VOLUME 05 *** E-text prepared	14
98	13785	2.000000	up their statutes in very stately English. In our own times Acts of Parliament frequently violate the simplest rules of grammar, and are sometimes so unintelligible as to need the labours of learned judges to find out what they mean! But it seems	584
99	13786	2.000000	He was graduated from the College of the City of New York in 1886. From December of that year to June, 1893, he taught in Grammar School No. 55, and in September, 1893, he was called to his Alma Mater as Tutor in English. He was promoted to the rank	84
100	13852	2.000000	ennett Release date: October 25, 2004 [eBook #13852] Most recently updated: December 18, 2020 Language: English *** START OF THE PROJECT GUTENBERG EBOOK LITERARY TASTE: HOW TO FORM IT *** E-text prepared by Jonathan Ingram, Alis	14
