1	35116	0.073066	midst of the green waving forest, in those ancient ruin? where all around was blooming fair and fresh, with the little Dornröschen who had retired to her solitude, and was dreaming of the knight who was to break through the hedge and waken the Sleep	4522
2	30038	0.065361	But still the nerve of memory tingles. And here you're writing Beauty Hints, And I these jingles. DORNRÖSCHEN In the great hall of Castle Innocence, Hedged round with thorns of maiden doubts and fears,-- Within, wi	785
3	61708	0.050993	ing schwerfällig und langsam von statten. Die übermüdeten Arbeiter schwatzten viel und tranken noch mehr, um sich wach zu erhalten. Beleuchtungseffekte sollten probiert werden. Zwei Arbeiter setzten neue farbige Gläser vor die Rampe. Die gähnende Unt	2231
4	62670	0.046764	r sich miterfreuen kann. Märchen und Sagen Nr. 1. =Dornröschen=, gez. v. J. Diez, München Nr. 2. =Marienkind=, gez. von H. Lefler und J. Urban Nr. 3. =Aschenputtel=, gez. von A. Münzer Nr. 4. =Rotkäppchen=, gez. von A. Schmidham	674
5	30269	0.042959	nd the real world, would often set children musing on what ought and what ought not to be. They did not long believe in Dornröschen and Schneewittchen, they learnt but too soon that Dornröschen and Schneewittchen belonged to another world. They may e	1481
6	19716	0.037480	Die Feige. 3. Dornröschen. 4. Das Kätzchen. 5. Immergrün -- Immer grün. 6. Arbeitsknäuel. 7. Die Uhr. 8. Handschuh. 9. Milchstraße. 10. Die Argen, Algen, Augen. 11. Die Puppe. 12. Ost -- Ast. 13. Sandmann. 14. Dackel -- Deckel. 15. Rotkäppchen	1919
7	42900	0.035474	Aschenputtel Riquet mit dem Schopf Jungfer Eselshaut Dornröschen Übersetzung nach der ersten Buchausgabe von 1697. [Illustration] Rotkäppchen Es war einmal eine kleine Baue	103
8	28100	0.032669	s Held, zuletzt als Märchenprinz. So kann nun jeder deutsche Mann, der ein Weib erwirbt, als Gott, als Held, als Märchenprinz empfinden. Aber nur wenige von den deutschen Märchen sind so bequem auszulegen wie Dornröschen, und selbst die nationale Urs	2149
9	22160	0.031997	........................ 97 {Section VI.} Der Soldat, der Ritter etc....................... 109 {Section VII.} Musik, Dornröschen etc.......................... 143 {Section VIII.} Der Löwe etc................................... 168 {Section IX.}	207
10	39782	0.030066	was almost always perverse enough to bestow and foretell something unfortunate. You all know Grimm's beautiful tale of Dornröschen, which in English we call The Sleeping Beauty, where the jealous thirteenth fairy predicts the poor young lady's spind	773
11	31099	0.029666	gave him a blow which caused the blood to spurt from both nose and mouth, because he had, when on stable duty, allowed Dornröschen to get caught in her chain. Dornröschen was Heppner's own riding-horse, and the very apple of his eye. It was chiefly	1406
12	35547	0.028116	, so mache ich das Dornröschen im Schloß, und du kommst mich aufwecken. Du mußt mich sehr stark küssen. Die Prinzen küssen schrecklich, mußt du wissen. Er fühlte sich schüchtern und meinte: -- Ich glaube, es ist schon zu spät, um im Gras zu schlafe	765
13	13666	0.027774	y in those main incidents. In the dramatization they might work together narration of the story and the dramatic game, _Dornröschen_. A wide circle of children might be the chorus while the players take their places in the center of the circle. The n	4465
14	63465	0.025613	ochen hatte. Sie konnte zwar das, was einmal eine weise Frau gedroht hatte, nicht abändern, aber ihm doch eine mildernde Wendung geben, und rief: „Die Königstochter soll nur in einen tiefen Schlaf fallen, der soll hundert Jahre dauern und nicht länge	7468
15	16248	0.023841	came to be performed these directions were practically ignored by the players. 'Königskinder' was followed in 1902 by 'Dornröschen,' another fairy play accompanied by incidental music, which won little success, nor has good fortune attended his late	7607
16	18947	0.023353	--German and Northern mythology and folk-lore occasionally speak of twelve or seven of them. In the German tale of _Dornröschen_, or the Sleeping Beauty, there are twelve good fays; and a thirteenth, who works the evil spell. Once, in German	6197
17	65600	0.021515	die Waldstille verjagen. Dann ist’s aus mit der Märchenherrlichkeit. Wald-Dornröschen verliert sein Krönlein und flieht und kommt nicht eher zurück, bis neuer Wald wachsen will. -- Aber noch steht ja der alte. Wenn über Mittag ein Weilchen die Sonne	2633
18	43393	0.021249	shed, eh? You are waiting for some needy count or prince, who, after the fashion of the day, will come to release, not Dornröschen herself, but her money-bags from the spell. Well, the present time is by no means poor in such marriages! And we kno	8152
19	15591	0.020030	g that the coast was clear, he added, vehemently: "Cultivate the mindt! Cultivate the imatchination! _Ach, lieber Gott! Dornröschen_, cultivate you the _heart_. It iss not what the woman thinks, but what she loves, what she feels, which makes of the	2697
20	31281	0.019142	andtuch. 97. Augentrost. 98. Hasenpfeffer. 99. Zufall. 100. Ausschuß. 101. Schlachtfeld. 102. Werkzeug. 103. Bleistift. 104. Examen. 105. Siegfried. 106. Leidenschaft. 107. Augenweide. 108. Preßfreiheit. 109. Maitrank. 110. Trauerspiel.	4062
21	71774	0.019128	rtwig, R., Eduard und Ferdinand. [_Vide_ Catalogues.] BILDERBÜCHER. (Scholz.) LIEBE MÄRCHEN. Dornröschen; Marienkind. Aschenputtel; Rotkäppchen. Hänsel und Gretel; Schneewittchen. HEY-SPECKTER, W.--Fünfzig Fabeln f. Kinder. Jub.-A	6624
22	68401	0.018200	n. „Nie ein Strich zuviel, nie einer zu wenig. Das ist die echte Bescheidenheit in der Kunst“, sagt Otto Ludwig, der Dichter des „Erbförsters“. Einfach, schlicht ist seine Zeichnung, aber geistvoll und lebendig. Er liebt es, seine Zeichnungen mit lei	2223
23	66391	0.018186	fifty in all. The subjects were well known fairy tales, Undine, Rapunzel, Schneewitschen, Der Rattenfänger von Hamlin, Dornröschen, and all the others. The children loved them and the merry little Kasperle whose humor, if a bit clumsy, was altogethe	3298
24	71744	0.017590	deed a natural work of art. One day she entertained me by reading, in her masculine throaty voice, a poem she called "_Dornröschen_": _Stab for me lip set intensity. press to my bower-- my nook, my core I wait for thee numb breathlessly mess	3095
25	5314	0.017127	(Von dem Machandelboom) 48 Old Sultan (Der alte Sultan) 49 The Six Swans (Die sechs Schwäne) 50 Little Briar-Rose (Dornröschen) 51 Foundling-Bird (Fundevogel) 52 King Thrushbeard (König Drosselbart) 53 Little Snow-White (Sneewittchen) 54 The K	88
26	7967	0.016854	p eleven hours on end. The rest of the time she spent in lounging and laughing, only half awake. Christophe called her _Dornröschen_--the Sleeping Beauty. She reminded him of his old love, Sabine. She used to sing as she went to bed, and when she got	18588
27	5724	0.016206	ied of the "Nibelungenlied," is so obvious that it needs no commentary. Neither should the translation of Brynhild into Dornröschen, the Sleeping Beauty of our children's tales. The progress illustrated in these examples is that from myth to Mährchen	8065
28	60684	0.015974	ktor hatte erzählt, der junge Graf wüchse zu einem prächtigen, überaus kraftvollen und blühenden Knaben heran. Wie ein wandelndes Bild aus alter Zeit schreite er mit seinem langen blonden Haar und den leuchtenden blauen Augen umher! So klein er noc	2492
29	70560	0.015778	schüchtern, kniete vor mir nieder, küßte mich und ich erwachte. Hannerl war aufgelöst vor Entzücken, obwohl seine Hoheit sie keines Blickes würdigte. Für ihn gab es eben nur „Prinzessinnen“, das hatten ihm seine Tanten schon an der Wiege gesungen.	1371
30	46497	0.015487	, as I shall prove later on, be held to be definitely settled. [45] Cf. Simrock, _Handbuch der deutschen Mythologie_, _Dornröschen_. Some of the details of Arthur's journey to Valerîn's stronghold are worth the attention of folk-lore experts, _e.g._	7887
31	13814	0.015135	a was surrounded by walls of flame, so now we have a thorny hedge of wild briar round the beautiful maiden (hence named Dornröschen) when the lucky prince comes to waken her with a kiss.[8] Not all fairy tales have preserved the myth into Christian	1112
32	45661	0.014673	reiten Erfolg gefunden. Denn an die hundertjährigen Hecken, die das Dornröschen von der Außenwelt trennten, sah ich mich in diesen Schlössern gemahnt, und weit genug war ich hier von meinen Pariser Erlebnissen getrennt. Man muß sie gesehen haben, Fra	332
33	60579	0.014359	apier in Halbleder gebunden M. 250.-- Verlagsverzeichnisse und Prospekte werden vom Verlag auf Anforderung bereitwilligst versandt Weitere Anmerkungen zur Transkription Offensichtliche Fehler wurden stillschweigend korrigiert. Die	3900
34	54738	0.014272	Äußeres bezeichnete den ganzen Menschen: mittelgroße, hagere Gestalt, bleiches Gesicht mit buschigem, schwarzem Haar, Züge, die bis zur Verzerrung unharmonisch waren, und dunkle, flackernde Augen, in denen der Fanatismus brannte. Im Betragen jedoch	4413
35	56280	0.014201	met with great success, and was followed in 1896 by the charming allegorical opera, _Die Königskinder_, and in 1902 by _Dornröschen_. In 1896, Humperdinck was created Professor by the Kaiser; and in 1905, his opera, _Die Heirath Wider Willen_, was pr	18102
36	46550	0.014010	s das Resultat anging, ebensogut vom Dornröschen hätten besetzt sein können, so möchten sie jetzt am liebsten das Amt eines Botschafters mit dem Botschafter, das Kind mit dem Bade ausschütten. Man sollte es für eine Albernheit halten, gewisse umlaufe	397
37	71976	0.013857	Pläne, auch dieses Dornröschen aus langem Schlafe zu erwecken, hoffen wir, daß dabei mit feinsinniger Hand das künstlerische Erbe der Großväter angetreten wird, dann wäre es nur zu begrüßen, wenn neues pulsierendes Leben in die verlassenen Räume ein	449
38	66573	0.013325	ymens Tempel einführt, erwarten, daß er ihren Fuß auf Blumen setze und sie über alle irdischen Dinge hinwegtrage auf seinen starken »Ritterarmen«. Von solcher »Poesie« des zu erwartenden Freiers wissen jene Mädchen nichts; im Gegenteil, sie fassen di	1578
39	50444	0.013059	schen kommen können. Er läutete, und er läutete vergeblich. Sie schliefen alle, vom Herrn Prior, Niklas von Zitzewitz, an bis zum Bruder Pförtner. Kein Lichtstrahl fiel aus irgendeinem Fenster; -- wenn Vater Adelhardus, der Kellermeister, noch Lich	1309
40	69797	0.012847	enspieler, blond wie Dornröschen und das Gesicht schneeweiß. Der Tenor mit seinem schmalen, fahlen und windschiefen Kopf schien auf ein romantisches Erlebnis mit Rübezahl zurückzuschauen und immer noch daran zu denken; der dritte glich auf ein Haar	602
41	27254	0.012722	er umformt. Wie geheimnisvoll und märchenhaft klingt schon der Name »Chemie«! Und in der Tat, sie ist märchenhaft: ein Dornröschen, durch das reine Streben geistvoller Männer aus dem Schlafe erweckt; ein Midas, der alles, was er anfaßt, in Gold verw	93
42	48127	0.012627	gingte, und da -- und da --« Und da schlief der Fritz schon fest. Auch Luises Augen schlossen sich. Als kurz darauf die Mutter kam, da fand sie die Kinder lieblich schlafend, auf den rosigen Wangen des Mädchens waren noch die Spuren der vergossenen	2048
43	29634	0.012436	overture. Chicago, Ill. 1895. "Sappho's Prayer." New York, N. Y. LANGER, F. 1895. April 13. Introduction to opera "Dornröschen." Boston, Mass. LAPARRA, R. 1910. Dec. 4. "Habañera" opera. Boston, Mass. 1919. April 18. "Un Dimanche Basque." B	10424
44	54392	0.012174	of Wagner’s operas, this work won universal recognition. Humperdinck has produced several other fairy operas, such as “Dornröschen,” “Die Königskinder,” “Saint-Cyr,” and “Die Sieben Geislein,” but none of them has gained any lasting success. =Kienz	14966
45	64466	0.011575	ir so weh getan!“ Er hatte die Augen halb geschlossen und sprach so leise, daß Veraguth sich dicht zu seinem Munde hinabbeugen mußte, um ihn zu verstehen. „Ihr müßt mir helfen. Ich will artig sein, immer, ihr dürft mich nicht schelten! Nicht wahr,	5679
46	51901	0.011278	das Thier am Genick faßte und mir mit vorgestrecktem Arm entgegenhielt, sagte er: »Ich wollte fragen, ob das der Hund ist, den Sie verloren haben?« Meine Empfindungen sind schwer zu beschreiben! Lachlust und Beschämung kämpften heftig in mir -- di	5097
47	45259	0.011230	for full orchestra. Dedicated to Edvard Grieg. Jurgenson. 3. Valse Scherzo, for pianoforte. Jurgenson. 4. Op. 66. _Dornröschen_ (Sleeping Beauty). Ballet in three acts, with a prologue. Dedicated to I. A. Vsievolojsky. The subject is taken from Pe	27619
48	25545	0.010651	in an unnecessary ogre and spoils a good story by not knowing when to stop. The Grimm title is "Dornröschen," and the more literal translation, "Brier Rose," is the one generally used as the English title, rath	11956
49	40801	0.010408	seléd-kisérettel, három kocsiban megérkeztek a hatalmas barokk-épület elé: mintha a Dornröschen kastélya előtt állapodtak volna meg. Sehol, semerre semmi nesz; az ablakok zsalui leeresztve; köröskörül, egy puskalövésnyi távolságra, se fa, se fű, se b	288
50	50888	0.009892	thöfen der Stadt etliche dreißig Fremde zum Besuche der Grotte eingefunden hätten und ihre Beleuchtung um halb elf Uhr in Szene gehen könne. So hatten wir uns denn in der Voraussetzung, es werde der Ostermontag, dieser in Nord und Süd gleich beliebt	4859
51	46204	0.009736	politische Mumien! Eine Dame äußerte sich, es sei unbedingt heroisch vom König von Italien, ein so heruntergekommenes Land wie Frankreich offiziell zu betreten, und fragte mich über den Tisch herüber, ob wir im Ausland gegenwärtig die Franzosen nich	1231
52	68990	0.009281	soul of a certain order of German folk-song and German _Kindlichkeit_. His later works--_Die sieben Geislein_ (1897), _Dornröschen_ (1902), and the comic opera _Die Heirat wider Willen_ (1905), though containing much beautiful music, have on the who	8460
53	61833	0.009062	ein Meisterstück architektonischen Erfindungsgeistes, denn sie bildet unten ein griechisches Kreuz, oben ein Achteck, wieder zu Ehren gebracht, so daß sie dem Herzen und den Eingeweiden des großen Kaisers Heinrich III. eine würdige Ruhestätte gewährt	3062
54	29219	0.008954	eths of the Wartburg, dozens of obscure legends and figures from "Volkslieder" and Folklore which I did not recognize; "Dornroschen," Rubezahl; and the music to which they marched, was the melancholy yet noble measure, "The Last Ten of the Fourth Reg	10424
55	62021	0.008754	ermés, onze heures, tout d'un trait. Le reste du temps, elle flânait, en riant, à demi éveillée. Christophe la nommait _Dornröschen_, la Belle au Bois dormant. Elle lui rappelait sa petite Sabine. Elle chantait en se couchant, elle chantait en se lev	12465
56	49199	0.008616	tig in die Tasche. Sie sagte dazu: »Ich hätte es gerne selber behalten, unser Küchenmädchen hat es mir geschenkt, aber dir will ich es geben.« Indem sie noch so sprachen, fuhr ein andrer Wagen vor, in dem saß der Graf und die beiden Jungen, die unge	767
57	28938	0.008588	ndenden Kuß, daß alle Starrheit von dir fällt und du mitten in wonnigem Leben stehst! Ich bin nicht August Bunkert; ich will dich, deutsche Maid, nicht zu einer weltmodisch aufgetakelten, kokottenhaften Dame machen - der Träumerglanz soll in deinen	1400
58	2779	0.008538	Strenge des Gesetzes, unter der ich leide, in ein großes Mitleid mit allen denen, die gefallen sind, verkehren, in eine Liebe und Barmherzigkeit, vor der es schließlich kein "Verbrechen" mehr und keine "Verbrecher" gibt, sondern nur Kranke, Kranke, K	4705
59	45936	0.008538	n Kerze auf dem Scheitel, anders bedeuten sollte? -- Übrigens, da wir gerade von christlichen Ekstatikern sprechen: Fräulein van Druysen und ich gehen heute Abend zu einer solchen Versammlung, die am Zee Dyk stattfindet. Kurioserweise spukt auch dort	2110
60	49395	0.008451	schichten. M. 4.--. Mit tausend Masten. M. 3.--. Auf gerettetem Kahn. M. 4.--. Die Juckercomtesse. M. 4.--. Der beschleunigte Fall. 2 Bde. M. 10.--. Oberlicht. M. 5.--. =E. Wahlheim.= Au	8313
61	59173	0.008340	ka aamu. Loput aikaansa hän kuljeskeli joutilaana, nauru suulla ja puoliuntelona. Christophe oli antanut hänelle nimen _Dornröschen_, -- prinsessa Ruusunen. Aurora muistutti hieman Christophen Sabinaa. Hän lauloi maata mennessään, lauloi vuoteesta no	5977
62	32786	0.008334	t also occurs as a person in the Nibelungen Lied as Hogni, Hagen, 'the thorn who kills Siegfried.' The tale of Dornroschen (the sleeping beauty), owes its origin to the sleep-thorn, which is, however, derived from the death-thorn, de	7601
63	38502	0.008230	-- es war Silvester 1896 -- ringsherum wirbelte dicker Schnee, über die toten Felder heulte der Wind, und das Eis unter meinen Tritten stöhnte und ächzte, als ob die Erde in ihrem Winterschlaf schwer träume, -- da -- täuschte ich mich? Nein, es knarr	3650
64	32248	0.008137	﻿The Project Gutenberg eBook of The Standard Cantatas: Their Stories, Their Music, and Their Composers This ebook is for the use of anyone anywhere in the United States and most other parts of the world at no cost and with almost no restrictions	1
65	15070	0.008021	er Gedanken? Schläft nicht alles Leben im Mutterschoß wie Dornröschen in den Hecken, bis ein einziger Ritterkuß den hemmenden, bannenden Zauberschlaf hinwegscheucht? In sich geschlossen, in immer gleichem Rhythmus um sich selber kreisend, liegen die	407
66	30211	0.007724	réveilla la vieille soeur Puté qui ronflait déjà, grâce à la musique. Comme Sigismond ou comme le cuisinier du conte de Dornröschen, la première chose qu'elle fit en se réveillant fut de donner une tape sur la tête de sa petite-fille qui, elle aussi,	9014
67	12012	0.007668	hes und die Fruchtbarkeit der neuen Liebesbündnisse. Von der deutschen Heldensage an bis hinab in das Kindermärchen vom Dornröschen wird hievon gesungen und gesagt. Denn wenn die in der Waberlohe schlummernde Brunhilde von Sigfried aus dem Zauberschl	1715
68	63498	0.007589	halt Alles so viel ungeräumt bei uns. Jetzt muß ich aber geschwind meinen Mann herheißen.“ „Wenn es der Bohnensetzer ist,“ sagte er, „der kommt bald nach, hab’ schon mit ihm gesprochen. -- Also, verheiratet, Viktel!“ Er sagte das Wort leise und weic	11773
69	62673	0.007537	ins Ohr. +Der Bergrat+ (das Vertragspapier aus der Brusttasche nehmend und entfaltend): Nun -- dann hier, Fräulein Lise. Der Fuchs ist zwar manchmal ein Dieb, aber immer ein Ritter. +Lise+: O, +	14852
70	49083	0.007448	später nie mehr erreichtem Kapuziner, bis zu seinem neuerdings mit verdientem Glücke in der Litteratur aufgetretenem _Sohne_, dessen Roman: „Das hohe Haus“ viele Freunde gefunden hat. I. _Weimar_ d	8104
71	68883	0.007377	hsfigurencabinet, in welchem z. B. Dornröschen, von einem bartlosen Corporal dargestellt, mit Blumen und Kränzen geschmückt, in einem Bette mit einem Mosquitonetz lag; die »Hyäne von Amersfoort« (einem Dorfe bei Utrecht) war mein »Babi« (Fig. 16), ei	5728
72	60500	0.007071	on Hollerstein vermochte sie nicht einen einzigen der Minnenden bis zu Julina’s Fenstergesimse zu heben. Nur Oswald, der zweiundzwanzigjährige Sohn des Forstmeisters, vermuthete, daß hier eine Leiter mit zwölf Sprossen bessere Dienste leisten dürfte	11890
73	32776	0.007064	d love she kills herself to be united in death with her beloved. Here we have the source of the lovely fairy tales of _Dornroschen and Sneewittchen_. In the former, the Valkyrie Brunhild is pictured as a beautiful princess, and the glowing flame bec	569
74	56769	0.006759	deinen pflegenden Händen wüßte, und was Bruck anbelangt -- nun, du hast dich allerdings eben wieder überzeugen müssen, wie wenig sympathisch du ihm bist, armes Kind; er will lieber den ungezogenen Schreihals, den Job Brandau, in seinen vier Wänden d	9415
75	47584	0.006255	tó á nuestra vieja hermana Putê, que ya roncaba, gracias á la música. Como Sigismundo, ó como el cocinero del cuento de Dornröschen, lo primero que hizo al despertarse fué dar un cogotazo á su nieta, que también se había dormido. Esta chilló, pero se	8649
76	16301	0.006196	oder von der kleinen Seejungfrau, die dem Prinzen zuliebe unter tausend Schmerzen zum Menschen wurde und dann doch wieder hinabsteigen mußte in die Fluten, -- das waren die schönsten Stunden meiner frühen Kinderjahre. Und das alles waren Erlebnisse	632
77	53856	0.006190	glichkeit sein, hieß aus der Täuschung der Sinne eingehen ins Dasein der Seele, die ihrer eigenen Wirklichkeit froh das Wunder in allen Dingen erkannte. Novalis, der brustkranke Jüngling aus edlem Geschlecht, hatte nicht Zeit, das Wunder in allen We	12444
78	24782	0.006016	ung verhalf. Die Gefährten des Märtyrers trugen den entseelten Leichnam thalaufwärts, wo sie ihn zur Erde bestatteten. Die Stelle, wo Landelin starb, und die, wo er seine irdische Ruhestätte gefunden hatte, wurden dem Volke bald heilig, des Blutzeuge	13644
79	42286	0.005353	ák a lépéseiket. Néha elhívta az asztalához is. Egy ilyen alkalommal, mikor az asztalnál ülok már mind aludtak, mint a Dornröschen népe, s csak Viktor ketyegett, mint egy ócska falióra: a kis náthás egyszerre elmélázott. Hallott valamit az Ilsenste	10247
80	62473	0.004507	elük s helyrehozzuk egész nemzedékek mulasztását. „1880 táján fognak engem olvasni“ – irta volt Balzacnak: s a világ most igazat adni kénytelen neki, aki annyi igazságot adott a világnak. Ez a csodás szellem, aki mint az arab regékben szokott történn	5513
81	10223	0.002128	ten beide, besonders Alexandros, als erbitterte Gegner des Präsidenten Kapo d'Istrias und später des Königs Otto auf. Alexandros gab die Stellung eines Professors an der Universität Athen und eines Historiographen des Königreichs, die ihm nacheinande	63121
